time,cpu,mem,ram,disk,disk_io,network,gpu load,gpu memutil
2021-02-22 21:11:52.833225,2.8,1027.27734375,9398.78125,10944.1171875,"{'rc': 0, 'wc': 0, 'rb': 0, 'wb': 0}","{'sent': -210698863.0615635, 'recv': -28920012466.677116}",0.0,0.08198065256599442
2021-02-22 21:11:54.907147,2.6,1028.47265625,9398.77734375,10944.1171875,"{'rc': 0, 'wc': 38, 'rb': 0, 'wb': 253952}","{'sent': -210698863.06105995, 'recv': -28920012466.6228}",0.0,0.08198065256599442
2021-02-22 21:11:58.306415,9.6,2740.34765625,10983.0546875,10944.1328125,"{'rc': 0, 'wc': 40, 'rb': 0, 'wb': 290816}","{'sent': -210698863.06093216, 'recv': -28920012466.579132}",4.0,9.763895720609936
2021-02-22 21:12:00.392442,1.1,3220.7734375,11456.3203125,10944.1328125,"{'rc': 0, 'wc': 51, 'rb': 0, 'wb': 356352}","{'sent': -210698863.06072044, 'recv': -28920012466.546455}",100.0,37.17822593867847
2021-02-22 21:12:02.532185,4.0,3374.2578125,11608.85546875,10944.1328125,"{'rc': 0, 'wc': 51, 'rb': 0, 'wb': 356352}","{'sent': -210698863.06072044, 'recv': -28920012466.512638}",100.0,18.28988358747336
2021-02-22 21:12:04.623865,6.7,3389.578125,11624.32421875,10944.1328125,"{'rc': 0, 'wc': 64, 'rb': 0, 'wb': 495616}","{'sent': -210698863.05941963, 'recv': -28920012466.48188}",99.0,18.28988358747336
2021-02-22 21:12:06.723354,6.4,3334.31640625,11569.55859375,10944.1328125,"{'rc': 0, 'wc': 64, 'rb': 0, 'wb': 495616}","{'sent': -210698863.05810356, 'recv': -28920012466.45186}",100.0,18.28988358747336
2021-02-22 21:12:08.818388,6.2,3393.234375,11629.109375,10944.1328125,"{'rc': 0, 'wc': 64, 'rb': 0, 'wb': 495616}","{'sent': -210698863.0563488, 'recv': -28920012466.42287}",100.0,18.28988358747336
2021-02-22 21:12:10.911846,6.4,3269.1953125,11504.2890625,10944.1328125,"{'rc': 0, 'wc': 64, 'rb': 0, 'wb': 495616}","{'sent': -210698863.05503273, 'recv': -28920012466.39193}",100.0,18.28988358747336
2021-02-22 21:12:13.006689,6.7,3402.52734375,11637.5546875,10944.1328125,"{'rc': 0, 'wc': 65, 'rb': 0, 'wb': 499712}","{'sent': -210698863.05371666, 'recv': -28920012466.360767}",100.0,18.28988358747336
2021-02-22 21:12:15.099681,6.5,3404.734375,11640.015625,10944.1328125,"{'rc': 0, 'wc': 65, 'rb': 0, 'wb': 499712}","{'sent': -210698863.0518589, 'recv': -28920012466.330746}",100.0,18.28988358747336
2021-02-22 21:12:17.192492,6.5,3360.1171875,11593.9453125,10944.1328125,"{'rc': 0, 'wc': 78, 'rb': 0, 'wb': 561152}","{'sent': -210698863.05054283, 'recv': -28920012466.298668}",100.0,18.28988358747336
2021-02-22 21:12:19.271888,6.4,3344.91015625,11578.4296875,10944.1328125,"{'rc': 0, 'wc': 79, 'rb': 0, 'wb': 565248}","{'sent': -210698863.04895592, 'recv': -28920012466.264637}",100.0,18.28988358747336
2021-02-22 21:12:21.365653,6.5,3343.8515625,11578.73828125,10944.1328125,"{'rc': 0, 'wc': 79, 'rb': 0, 'wb': 565248}","{'sent': -210698863.04763985, 'recv': -28920012466.230923}",100.0,18.28988358747336
2021-02-22 21:12:23.457918,6.4,3253.859375,11488.31640625,10944.1328125,"{'rc': 0, 'wc': 80, 'rb': 0, 'wb': 598016}","{'sent': -210698863.0458851, 'recv': -28920012466.199688}",99.0,18.28988358747336
2021-02-22 21:12:25.548803,6.6,3343.96484375,11578.97265625,10944.1328125,"{'rc': 0, 'wc': 80, 'rb': 0, 'wb': 598016}","{'sent': -210698863.04455376, 'recv': -28920012466.16537}",100.0,18.28988358747336
2021-02-22 21:12:27.641254,6.6,3354.66015625,11589.98046875,10944.1328125,"{'rc': 0, 'wc': 82, 'rb': 0, 'wb': 618496}","{'sent': -210698863.042902, 'recv': -28920012466.133747}",99.0,18.28988358747336
2021-02-22 21:12:29.730370,6.2,3403.78515625,11639.390625,10944.1328125,"{'rc': 0, 'wc': 82, 'rb': 0, 'wb': 618496}","{'sent': -210698863.04131317, 'recv': -28920012466.104874}",99.0,18.28988358747336
2021-02-22 21:12:31.824390,6.5,3348.53125,11584.06640625,10944.1328125,"{'rc': 0, 'wc': 82, 'rb': 0, 'wb': 618496}","{'sent': -210698863.03972435, 'recv': -28920012466.07457}",99.0,18.28988358747336
2021-02-22 21:12:33.916970,6.5,3266.00390625,11501.1015625,10944.1328125,"{'rc': 0, 'wc': 82, 'rb': 0, 'wb': 618496}","{'sent': -210698863.03829956, 'recv': -28920012466.04128}",100.0,18.28988358747336
2021-02-22 21:12:36.010412,6.2,3342.453125,11577.03515625,10944.1328125,"{'rc': 0, 'wc': 82, 'rb': 0, 'wb': 618496}","{'sent': -210698863.03671074, 'recv': -28920012466.007484}",99.0,18.28988358747336
2021-02-22 21:12:38.102095,6.4,3276.9453125,11511.390625,10944.1328125,"{'rc': 0, 'wc': 82, 'rb': 0, 'wb': 618496}","{'sent': -210698863.0352974, 'recv': -28920012465.97701}",100.0,18.28988358747336
2021-02-22 21:12:40.192816,6.5,3219.0703125,11452.6796875,10944.1328125,"{'rc': 0, 'wc': 82, 'rb': 0, 'wb': 618496}","{'sent': -210698863.03370857, 'recv': -28920012465.946583}",99.0,18.28988358747336
2021-02-22 21:12:42.286898,6.4,3355.60546875,11589.9296875,10944.1328125,"{'rc': 0, 'wc': 82, 'rb': 0, 'wb': 618496}","{'sent': -210698863.02973652, 'recv': -28920012465.912292}",100.0,18.28988358747336
2021-02-22 21:12:44.389255,6.5,3416.91015625,11651.08984375,10944.1328125,"{'rc': 0, 'wc': 82, 'rb': 0, 'wb': 618496}","{'sent': -210698863.02645397, 'recv': -28920012465.878616}",100.0,18.28988358747336
2021-02-22 21:12:46.482028,6.6,3409.03125,11643.73046875,10944.1328125,"{'rc': 0, 'wc': 82, 'rb': 0, 'wb': 618496}","{'sent': -210698863.023345, 'recv': -28920012465.846184}",100.0,18.28988358747336
2021-02-22 21:12:48.575472,6.3,3291.671875,11526.35546875,10944.1328125,"{'rc': 0, 'wc': 126, 'rb': 0, 'wb': 831488}","{'sent': -210698863.02193737, 'recv': -28920012465.814793}",100.0,18.28988358747336
2021-02-22 21:12:50.669122,6.2,3354.6015625,11589.96484375,10944.1328125,"{'rc': 0, 'wc': 126, 'rb': 0, 'wb': 831488}","{'sent': -210698863.02029514, 'recv': -28920012465.781853}",100.0,18.28988358747336
2021-02-22 21:12:52.761011,6.2,3346.9921875,11582.15234375,10944.1328125,"{'rc': 0, 'wc': 158, 'rb': 0, 'wb': 978944}","{'sent': -210698863.017231, 'recv': -28920012465.750206}",100.0,18.28988358747336
2021-02-22 21:12:54.852232,6.5,3363.4140625,11598.46875,10944.1328125,"{'rc': 0, 'wc': 158, 'rb': 0, 'wb': 978944}","{'sent': -210698863.01558876, 'recv': -28920012465.718353}",99.0,18.28988358747336
2021-02-22 21:12:56.946844,6.3,3407.33203125,11642.91796875,10944.1328125,"{'rc': 0, 'wc': 158, 'rb': 0, 'wb': 978944}","{'sent': -210698863.01418114, 'recv': -28920012465.68467}",100.0,18.28988358747336
2021-02-22 21:12:59.038282,6.3,3386.02734375,11670.84765625,10944.1328125,"{'rc': 0, 'wc': 164, 'rb': 0, 'wb': 1015808}","{'sent': -210698863.0124874, 'recv': -28920012465.65053}",99.0,18.28988358747336
2021-02-22 21:13:01.132771,6.2,3253.71875,11488.9765625,10944.1328125,"{'rc': 0, 'wc': 164, 'rb': 0, 'wb': 1015808}","{'sent': -210698863.0105114, 'recv': -28920012465.616154}",100.0,18.28988358747336
2021-02-22 21:13:03.226280,6.5,3415.703125,11650.66015625,10944.1328125,"{'rc': 0, 'wc': 167, 'rb': 0, 'wb': 1028096}","{'sent': -210698863.00863457, 'recv': -28920012465.583397}",99.0,18.28988358747336
2021-02-22 21:13:05.319572,6.5,3366.640625,11601.83984375,10944.1328125,"{'rc': 0, 'wc': 167, 'rb': 0, 'wb': 1028096}","{'sent': -210698863.00722694, 'recv': -28920012465.549248}",99.0,18.28988358747336
2021-02-22 21:13:07.412995,6.5,3383.94921875,11618.50390625,10944.1328125,"{'rc': 0, 'wc': 167, 'rb': 0, 'wb': 1028096}","{'sent': -210698863.00558472, 'recv': -28920012465.51345}",99.0,18.28988358747336
2021-02-22 21:13:09.508666,6.5,3428.31640625,11663.015625,10944.1328125,"{'rc': 0, 'wc': 167, 'rb': 0, 'wb': 1028096}","{'sent': -210698863.00414658, 'recv': -28920012465.477245}",100.0,18.28988358747336
2021-02-22 21:13:11.603533,6.5,3363.7109375,11598.4296875,10944.1328125,"{'rc': 0, 'wc': 167, 'rb': 0, 'wb': 1028096}","{'sent': -210698863.00245094, 'recv': -28920012465.44397}",99.0,18.28988358747336
2021-02-22 21:13:13.700494,6.5,3419.6953125,11654.328125,10944.1328125,"{'rc': 0, 'wc': 167, 'rb': 0, 'wb': 1028096}","{'sent': -210698863.00094604, 'recv': -28920012465.41149}",100.0,18.28988358747336
2021-02-22 21:13:15.796422,6.4,3364.140625,11599.09765625,10944.1328125,"{'rc': 0, 'wc': 167, 'rb': 0, 'wb': 1028096}","{'sent': -210698862.9992504, 'recv': -28920012465.377983}",99.0,18.28988358747336
2021-02-22 21:13:17.889312,6.3,3180.140625,11414.9140625,10944.1328125,"{'rc': 0, 'wc': 167, 'rb': 0, 'wb': 1028096}","{'sent': -210698862.997797, 'recv': -28920012465.34459}",100.0,18.28988358747336
2021-02-22 21:13:19.983994,6.4,3364.2109375,11599.546875,10944.1328125,"{'rc': 0, 'wc': 167, 'rb': 0, 'wb': 1028096}","{'sent': -210698862.9963436, 'recv': -28920012465.312454}",100.0,18.28988358747336
2021-02-22 21:13:22.075007,6.6,3254.04296875,11489.125,10944.1328125,"{'rc': 0, 'wc': 167, 'rb': 0, 'wb': 1028096}","{'sent': -210698862.99459648, 'recv': -28920012465.28015}",100.0,18.28988358747336
2021-02-22 21:13:24.166956,6.4,3395.234375,11629.8828125,10944.1328125,"{'rc': 0, 'wc': 167, 'rb': 0, 'wb': 1028096}","{'sent': -210698862.99314308, 'recv': -28920012465.249954}",100.0,18.28988358747336
2021-02-22 21:13:26.261352,6.7,3377.62890625,11612.15234375,10944.1328125,"{'rc': 0, 'wc': 167, 'rb': 0, 'wb': 1028096}","{'sent': -210698862.99144745, 'recv': -28920012465.21736}",100.0,18.28988358747336
2021-02-22 21:13:28.353061,6.4,3310.4375,11545.125,10944.1328125,"{'rc': 0, 'wc': 167, 'rb': 0, 'wb': 1028096}","{'sent': -210698862.98999405, 'recv': -28920012465.18683}",100.0,18.28988358747336
2021-02-22 21:13:30.453815,6.8,3363.1640625,11596.8984375,10944.1328125,"{'rc': 0, 'wc': 167, 'rb': 0, 'wb': 1028096}","{'sent': -210698862.98736954, 'recv': -28920012465.154327}",99.0,18.28988358747336
2021-02-22 21:13:32.548912,6.3,3378.5625,11613.24609375,10944.1328125,"{'rc': 0, 'wc': 167, 'rb': 0, 'wb': 1028096}","{'sent': -210698862.98587036, 'recv': -28920012465.119434}",100.0,18.28988358747336
2021-02-22 21:13:34.645812,6.4,3414.109375,11649.0390625,10944.1328125,"{'rc': 0, 'wc': 167, 'rb': 0, 'wb': 1028096}","{'sent': -210698862.98412132, 'recv': -28920012465.084667}",99.0,18.28988358747336
2021-02-22 21:13:36.739929,6.3,3425.90234375,11660.19140625,10944.1328125,"{'rc': 0, 'wc': 167, 'rb': 0, 'wb': 1028096}","{'sent': -210698862.98237228, 'recv': -28920012465.05104}",98.0,18.28988358747336
2021-02-22 21:13:38.835379,6.6,3249.87890625,11484.734375,10944.1328125,"{'rc': 0, 'wc': 167, 'rb': 0, 'wb': 1028096}","{'sent': -210698862.98037338, 'recv': -28920012465.01644}",99.0,18.28988358747336
2021-02-22 21:13:40.933456,6.3,3387.65234375,11622.05078125,10944.1328125,"{'rc': 0, 'wc': 167, 'rb': 0, 'wb': 1028096}","{'sent': -210698862.97837448, 'recv': -28920012464.983055}",100.0,18.28988358747336
2021-02-22 21:13:43.026531,6.5,3380.79296875,11615.03515625,10944.1328125,"{'rc': 0, 'wc': 167, 'rb': 0, 'wb': 1028096}","{'sent': -210698862.9747324, 'recv': -28920012464.949936}",99.0,18.28988358747336
2021-02-22 21:13:45.119285,6.3,3279.53125,11513.44921875,10944.1328125,"{'rc': 0, 'wc': 167, 'rb': 0, 'wb': 1028096}","{'sent': -210698862.97323322, 'recv': -28920012464.91912}",100.0,18.28988358747336
2021-02-22 21:13:47.209458,6.3,3293.625,11528.0234375,10944.1328125,"{'rc': 0, 'wc': 167, 'rb': 0, 'wb': 1028096}","{'sent': -210698862.97148418, 'recv': -28920012464.88916}",99.0,18.28988358747336
2021-02-22 21:13:49.307587,6.5,3371.921875,11604.2578125,10944.1328125,"{'rc': 0, 'wc': 200, 'rb': 0, 'wb': 1187840}","{'sent': -210698862.96991444, 'recv': -28920012464.857918}",100.0,18.28988358747336
2021-02-22 21:13:51.400893,6.4,3354.52734375,11588.23828125,10944.1328125,"{'rc': 0, 'wc': 200, 'rb': 0, 'wb': 1187840}","{'sent': -210698862.96671486, 'recv': -28920012464.82488}",99.0,18.28988358747336
2021-02-22 21:13:53.480537,6.3,3430.71875,11662.87890625,10944.1328125,"{'rc': 0, 'wc': 228, 'rb': 0, 'wb': 1310720}","{'sent': -210698862.9651699, 'recv': -28920012464.78994}",100.0,18.28988358747336
2021-02-22 21:13:55.575303,6.3,3356.4296875,11589.01953125,10944.1328125,"{'rc': 0, 'wc': 230, 'rb': 0, 'wb': 1335296}","{'sent': -210698862.96362495, 'recv': -28920012464.755966}",100.0,18.28988358747336
2021-02-22 21:13:57.667620,6.5,3384.8671875,11617.16015625,10944.1328125,"{'rc': 0, 'wc': 230, 'rb': 0, 'wb': 1335296}","{'sent': -210698862.9618225, 'recv': -28920012464.723892}",100.0,18.28988358747336
2021-02-22 21:13:59.755204,6.2,3320.23828125,11554.09375,10944.1328125,"{'rc': 0, 'wc': 230, 'rb': 0, 'wb': 1335296}","{'sent': -210698862.96027756, 'recv': -28920012464.69255}",100.0,18.28988358747336
2021-02-22 21:14:01.851371,6.2,3319.09375,11551.02734375,10944.1328125,"{'rc': 0, 'wc': 234, 'rb': 0, 'wb': 1351680}","{'sent': -210698862.9584751, 'recv': -28920012464.66311}",100.0,18.28988358747336
2021-02-22 21:14:03.947792,6.2,3384.0859375,11618.5,10944.1328125,"{'rc': 0, 'wc': 234, 'rb': 0, 'wb': 1351680}","{'sent': -210698862.95615005, 'recv': -28920012464.63222}",100.0,18.28988358747336
2021-02-22 21:14:06.040069,6.4,3375.7734375,11608.8828125,10944.1328125,"{'rc': 0, 'wc': 234, 'rb': 0, 'wb': 1351680}","{'sent': -210698862.9519863, 'recv': -28920012464.599106}",99.0,18.28988358747336
2021-02-22 21:14:08.135248,6.2,3347.58203125,11581.78125,10944.1328125,"{'rc': 0, 'wc': 234, 'rb': 0, 'wb': 1351680}","{'sent': -210698862.95044136, 'recv': -28920012464.566162}",100.0,18.28988358747336
2021-02-22 21:14:10.228886,6.2,3434.359375,11667.44921875,10944.1328125,"{'rc': 0, 'wc': 234, 'rb': 0, 'wb': 1351680}","{'sent': -210698862.94863892, 'recv': -28920012464.53277}",99.0,18.28988358747336
2021-02-22 21:14:12.322195,6.2,3434.87109375,11667.66796875,10944.1328125,"{'rc': 0, 'wc': 264, 'rb': 0, 'wb': 1503232}","{'sent': -210698862.94704247, 'recv': -28920012464.498566}",100.0,18.28988358747336
2021-02-22 21:14:14.415844,6.4,3425.58203125,11658.265625,10944.1328125,"{'rc': 0, 'wc': 264, 'rb': 0, 'wb': 1503232}","{'sent': -210698862.9452095, 'recv': -28920012464.4646}",99.0,18.28988358747336
2021-02-22 21:14:16.508500,6.3,3387.6484375,11619.46875,10944.1328125,"{'rc': 0, 'wc': 271, 'rb': 0, 'wb': 1536000}","{'sent': -210698862.94313622, 'recv': -28920012464.430286}",99.0,18.28988358747336
2021-02-22 21:14:18.586754,6.3,3227.93359375,11459.7109375,10944.1328125,"{'rc': 0, 'wc': 271, 'rb': 0, 'wb': 1536000}","{'sent': -210698862.94128036, 'recv': -28920012464.39717}",99.0,18.28988358747336
2021-02-22 21:14:20.684410,6.3,3394.73046875,11626.828125,10944.1328125,"{'rc': 0, 'wc': 272, 'rb': 0, 'wb': 1540096}","{'sent': -210698862.93968964, 'recv': -28920012464.364117}",99.0,18.28988358747336
2021-02-22 21:14:22.777068,6.2,3378.71875,11610.84375,10944.1328125,"{'rc': 0, 'wc': 272, 'rb': 0, 'wb': 1540096}","{'sent': -210698862.9380474, 'recv': -28920012464.33158}",99.0,18.28988358747336
2021-02-22 21:14:24.870201,6.1,3333.47265625,11564.85546875,10944.1328125,"{'rc': 0, 'wc': 272, 'rb': 0, 'wb': 1540096}","{'sent': -210698862.93592644, 'recv': -28920012464.299435}",100.0,18.28988358747336
2021-02-22 21:14:26.964192,6.2,3385.6640625,11611.58203125,10944.1328125,"{'rc': 0, 'wc': 272, 'rb': 0, 'wb': 1540096}","{'sent': -210698862.9343357, 'recv': -28920012464.266556}",99.0,18.28988358747336
2021-02-22 21:14:29.059658,6.4,3370.1171875,11602.53125,10944.1328125,"{'rc': 0, 'wc': 272, 'rb': 0, 'wb': 1540096}","{'sent': -210698862.93194962, 'recv': -28920012464.23694}",100.0,18.28988358747336
2021-02-22 21:14:31.151983,6.3,3413.99609375,11646.59375,10944.1328125,"{'rc': 0, 'wc': 272, 'rb': 0, 'wb': 1540096}","{'sent': -210698862.93003082, 'recv': -28920012464.20556}",100.0,18.28988358747336
2021-02-22 21:14:33.254898,6.4,3328.5859375,11601.72265625,10944.1328125,"{'rc': 0, 'wc': 272, 'rb': 0, 'wb': 1540096}","{'sent': -210698862.92817497, 'recv': -28920012464.171135}",100.0,18.28988358747336
2021-02-22 21:14:35.349298,6.2,3388.77734375,11620.0,10944.1328125,"{'rc': 0, 'wc': 272, 'rb': 0, 'wb': 1540096}","{'sent': -210698862.9265766, 'recv': -28920012464.13356}",100.0,18.28988358747336
2021-02-22 21:14:37.443567,6.3,3367.2109375,11599.59375,10944.1328125,"{'rc': 0, 'wc': 272, 'rb': 0, 'wb': 1540096}","{'sent': -210698862.92466736, 'recv': -28920012464.097702}",99.0,18.28988358747336
2021-02-22 21:14:39.539984,6.3,3355.109375,11587.046875,10944.1328125,"{'rc': 0, 'wc': 272, 'rb': 0, 'wb': 1540096}","{'sent': -210698862.92287922, 'recv': -28920012464.063217}",100.0,18.28988358747336
2021-02-22 21:14:41.636085,6.3,3376.26953125,11660.26953125,10944.1328125,"{'rc': 0, 'wc': 272, 'rb': 0, 'wb': 1540096}","{'sent': -210698862.9206972, 'recv': -28920012464.030685}",99.0,18.28988358747336
2021-02-22 21:14:43.730248,6.2,3452.58984375,11684.46875,10944.1328125,"{'rc': 0, 'wc': 272, 'rb': 0, 'wb': 1540096}","{'sent': -210698862.9190607, 'recv': -28920012463.997116}",100.0,18.28988358747336
2021-02-22 21:14:45.822257,6.5,3453.8046875,11685.95703125,10944.1328125,"{'rc': 0, 'wc': 272, 'rb': 0, 'wb': 1540096}","{'sent': -210698862.91563225, 'recv': -28920012463.959026}",99.0,18.28988358747336
2021-02-22 21:14:47.917033,6.3,3454.859375,11686.2109375,10944.1328125,"{'rc': 0, 'wc': 272, 'rb': 0, 'wb': 1540096}","{'sent': -210698862.91394424, 'recv': -28920012463.922935}",99.0,18.28988358747336
2021-02-22 21:14:50.002736,6.2,3459.08984375,11691.27734375,10944.1328125,"{'rc': 0, 'wc': 272, 'rb': 0, 'wb': 1540096}","{'sent': -210698862.912035, 'recv': -28920012463.89103}",99.0,18.28988358747336
2021-02-22 21:14:52.094716,6.1,3458.671875,11691.609375,10944.1328125,"{'rc': 0, 'wc': 303, 'rb': 0, 'wb': 1695744}","{'sent': -210698862.91039848, 'recv': -28920012463.860264}",99.0,18.28988358747336
2021-02-22 21:14:54.188395,6.4,3471.15625,11704.3515625,10944.1328125,"{'rc': 0, 'wc': 303, 'rb': 0, 'wb': 1695744}","{'sent': -210698862.90821648, 'recv': -28920012463.82543}",99.0,18.28988358747336
2021-02-22 21:14:56.282046,6.4,3364.27734375,11597.7578125,10944.1328125,"{'rc': 0, 'wc': 307, 'rb': 0, 'wb': 1712128}","{'sent': -210698862.90647697, 'recv': -28920012463.7878}",100.0,18.28988358747336
2021-02-22 21:14:58.373808,6.3,3338.1484375,11571.2890625,10944.1328125,"{'rc': 0, 'wc': 307, 'rb': 0, 'wb': 1712128}","{'sent': -210698862.90441895, 'recv': -28920012463.75087}",99.0,18.28988358747336
2021-02-22 21:15:00.466409,6.4,3383.42578125,11616.93359375,10944.1328125,"{'rc': 0, 'wc': 307, 'rb': 0, 'wb': 1712128}","{'sent': -210698862.9018364, 'recv': -28920012463.712746}",100.0,18.28988358747336
2021-02-22 21:15:02.560692,6.6,3448.69921875,11680.96484375,10944.1328125,"{'rc': 0, 'wc': 345, 'rb': 0, 'wb': 1904640}","{'sent': -210698862.896904, 'recv': -28920012463.67666}",99.0,18.28988358747336
2021-02-22 21:15:04.653906,6.4,3449.51171875,11682.07421875,10944.1328125,"{'rc': 0, 'wc': 345, 'rb': 0, 'wb': 1904640}","{'sent': -210698862.89494133, 'recv': -28920012463.643894}",100.0,18.28988358747336
2021-02-22 21:15:06.744846,6.4,3506.93359375,11741.015625,10944.1328125,"{'rc': 0, 'wc': 389, 'rb': 0, 'wb': 2101248}","{'sent': -210698862.89325905, 'recv': -28920012463.61055}",100.0,18.28988358747336
2021-02-22 21:15:08.839442,6.5,3341.30859375,11574.109375,10944.1328125,"{'rc': 0, 'wc': 391, 'rb': 0, 'wb': 2142208}","{'sent': -210698862.88950443, 'recv': -28920012463.575874}",100.0,18.28988358747336
2021-02-22 21:15:10.933318,6.2,3530.2734375,11763.09765625,10944.1328125,"{'rc': 0, 'wc': 391, 'rb': 0, 'wb': 2142208}","{'sent': -210698862.88619328, 'recv': -28920012463.541054}",100.0,18.28988358747336
2021-02-22 21:15:13.026557,6.1,3351.625,11583.29296875,10944.1328125,"{'rc': 0, 'wc': 432, 'rb': 0, 'wb': 2318336}","{'sent': -210698862.8824463, 'recv': -28920012463.506104}",99.0,18.28988358747336
2021-02-22 21:15:15.121835,6.1,3476.14453125,11708.60546875,10944.1328125,"{'rc': 0, 'wc': 434, 'rb': 0, 'wb': 2342912}","{'sent': -210698862.879776, 'recv': -28920012463.472134}",100.0,18.28988358747336
2021-02-22 21:15:17.206369,6.3,3478.18359375,11710.890625,10944.1328125,"{'rc': 0, 'wc': 434, 'rb': 0, 'wb': 2342912}","{'sent': -210698862.87771034, 'recv': -28920012463.439598}",99.0,18.28988358747336
2021-02-22 21:15:19.299709,6.6,3486.6953125,11718.890625,10944.1328125,"{'rc': 0, 'wc': 469, 'rb': 0, 'wb': 2514944}","{'sent': -210698862.87448502, 'recv': -28920012463.405113}",100.0,18.28988358747336
2021-02-22 21:15:21.382122,6.3,3532.48828125,11765.58203125,10944.1328125,"{'rc': 0, 'wc': 469, 'rb': 0, 'wb': 2514944}","{'sent': -210698862.87085247, 'recv': -28920012463.3696}",99.0,18.28988358747336
2021-02-22 21:15:23.474547,6.3,3446.09375,11678.3125,10944.1328125,"{'rc': 0, 'wc': 469, 'rb': 0, 'wb': 2514944}","{'sent': -210698862.8686447, 'recv': -28920012463.33029}",100.0,18.28988358747336
2021-02-22 21:15:25.566665,6.2,3477.37890625,11709.3828125,10944.1328125,"{'rc': 0, 'wc': 506, 'rb': 0, 'wb': 2691072}","{'sent': -210698862.86662865, 'recv': -28920012463.28923}",99.0,18.28988358747336
2021-02-22 21:15:27.660407,6.3,3436.421875,11668.9453125,10944.1328125,"{'rc': 0, 'wc': 506, 'rb': 0, 'wb': 2691072}","{'sent': -210698862.86461258, 'recv': -28920012463.248856}",99.0,18.28988358747336
2021-02-22 21:15:29.756548,6.2,3479.4453125,11713.42578125,10944.1328125,"{'rc': 0, 'wc': 510, 'rb': 0, 'wb': 2707456}","{'sent': -210698862.8625965, 'recv': -28920012463.208527}",99.0,18.28988358747336
2021-02-22 21:15:31.849135,6.1,3446.14453125,11681.5859375,10944.1328125,"{'rc': 0, 'wc': 511, 'rb': 0, 'wb': 2711552}","{'sent': -210698862.86048698, 'recv': -28920012463.17057}",99.0,18.28988358747336
2021-02-22 21:15:33.943140,6.2,3543.90625,11777.75,10944.1328125,"{'rc': 0, 'wc': 511, 'rb': 0, 'wb': 2711552}","{'sent': -210698862.85869598, 'recv': -28920012463.13328}",99.0,18.28988358747336
2021-02-22 21:15:36.040246,6.2,3474.9375,11708.63671875,10944.1328125,"{'rc': 0, 'wc': 511, 'rb': 0, 'wb': 2711552}","{'sent': -210698862.85667992, 'recv': -28920012463.097713}",99.0,18.28988358747336
2021-02-22 21:15:38.136250,6.1,3482.83203125,11716.94921875,10944.1328125,"{'rc': 0, 'wc': 511, 'rb': 0, 'wb': 2711552}","{'sent': -210698862.85495186, 'recv': -28920012463.065342}",99.0,18.28988358747336
2021-02-22 21:15:40.229275,6.4,3439.4453125,11672.1015625,10944.1328125,"{'rc': 0, 'wc': 511, 'rb': 0, 'wb': 2711552}","{'sent': -210698862.85292816, 'recv': -28920012463.030056}",100.0,18.28988358747336
2021-02-22 21:15:42.323539,6.2,3511.44921875,11746.19921875,10944.1328125,"{'rc': 0, 'wc': 511, 'rb': 0, 'wb': 2711552}","{'sent': -210698862.84948826, 'recv': -28920012462.99576}",99.0,18.28988358747336
2021-02-22 21:15:44.418527,6.0,3422.7265625,11657.07421875,10944.1328125,"{'rc': 0, 'wc': 511, 'rb': 0, 'wb': 2711552}","{'sent': -210698862.8473673, 'recv': -28920012462.963737}",100.0,18.28988358747336
2021-02-22 21:15:46.511504,6.4,3433.8125,11667.375,10944.1328125,"{'rc': 0, 'wc': 511, 'rb': 0, 'wb': 2711552}","{'sent': -210698862.84520435, 'recv': -28920012462.931107}",100.0,18.28988358747336
2021-02-22 21:15:48.604588,6.5,3547.04296875,11780.53515625,10944.1328125,"{'rc': 0, 'wc': 544, 'rb': 0, 'wb': 2871296}","{'sent': -210698862.84226322, 'recv': -28920012462.897953}",100.0,18.28988358747336
2021-02-22 21:15:50.697447,6.1,3483.52734375,11717.078125,10944.1328125,"{'rc': 0, 'wc': 544, 'rb': 0, 'wb': 2871296}","{'sent': -210698862.840024, 'recv': -28920012462.864487}",100.0,18.28988358747336
2021-02-22 21:15:52.789981,6.1,3554.28125,11852.37109375,10944.1328125,"{'rc': 0, 'wc': 549, 'rb': 0, 'wb': 2891776}","{'sent': -210698862.83825016, 'recv': -28920012462.83208}",99.0,18.28988358747336
2021-02-22 21:15:54.875230,6.1,3438.72265625,11671.46484375,10944.1328125,"{'rc': 0, 'wc': 549, 'rb': 0, 'wb': 2891776}","{'sent': -210698862.83588505, 'recv': -28920012462.797783}",100.0,18.28988358747336
2021-02-22 21:15:56.961289,6.3,3557.01953125,11790.00390625,10944.1328125,"{'rc': 0, 'wc': 549, 'rb': 0, 'wb': 2891776}","{'sent': -210698862.8337221, 'recv': -28920012462.764004}",99.0,18.28988358747336
2021-02-22 21:15:59.050921,6.1,3506.8828125,11739.60546875,10944.1328125,"{'rc': 0, 'wc': 549, 'rb': 0, 'wb': 2891776}","{'sent': -210698862.83165264, 'recv': -28920012462.72912}",100.0,18.28988358747336
2021-02-22 21:16:01.143552,6.4,3419.32421875,11651.80859375,10944.1328125,"{'rc': 0, 'wc': 549, 'rb': 0, 'wb': 2891776}","{'sent': -210698862.82958317, 'recv': -28920012462.696697}",99.0,18.28988358747336
2021-02-22 21:16:03.238299,6.1,3523.94921875,11756.640625,10944.1328125,"{'rc': 0, 'wc': 549, 'rb': 0, 'wb': 2891776}","{'sent': -210698862.8277712, 'recv': -28920012462.666443}",100.0,18.28988358747336
2021-02-22 21:16:05.333101,6.2,3554.28125,11786.734375,10944.1328125,"{'rc': 0, 'wc': 549, 'rb': 0, 'wb': 2891776}","{'sent': -210698862.82534504, 'recv': -28920012462.636948}",99.0,18.28988358747336
2021-02-22 21:16:07.429681,6.3,3563.34765625,11795.6640625,10944.1328125,"{'rc': 0, 'wc': 549, 'rb': 0, 'wb': 2891776}","{'sent': -210698862.82352543, 'recv': -28920012462.60611}",99.0,18.28988358747336
2021-02-22 21:16:09.522895,6.4,3542.796875,11775.51953125,10944.1328125,"{'rc': 0, 'wc': 549, 'rb': 0, 'wb': 2891776}","{'sent': -210698862.82135105, 'recv': -28920012462.5726}",99.0,18.28988358747336
2021-02-22 21:16:11.620717,6.3,3375.69140625,11607.828125,10944.1328125,"{'rc': 0, 'wc': 549, 'rb': 0, 'wb': 2891776}","{'sent': -210698862.81938648, 'recv': -28920012462.539974}",99.0,18.28988358747336
2021-02-22 21:16:13.713921,6.3,3542.29296875,11774.05078125,10944.1328125,"{'rc': 0, 'wc': 549, 'rb': 0, 'wb': 2891776}","{'sent': -210698862.8172636, 'recv': -28920012462.508514}",99.0,18.28988358747336
2021-02-22 21:16:15.804967,6.1,3573.2734375,11806.45703125,10944.1328125,"{'rc': 0, 'wc': 549, 'rb': 0, 'wb': 2891776}","{'sent': -210698862.81356907, 'recv': -28920012462.477055}",98.0,18.28988358747336
2021-02-22 21:16:17.899718,6.2,3522.8359375,11754.359375,10944.1328125,"{'rc': 0, 'wc': 549, 'rb': 0, 'wb': 2891776}","{'sent': -210698862.8114462, 'recv': -28920012462.44543}",99.0,18.28988358747336
2021-02-22 21:16:19.995368,6.6,3408.69140625,11641.1484375,10944.1328125,"{'rc': 0, 'wc': 583, 'rb': 0, 'wb': 3059712}","{'sent': -210698862.80902004, 'recv': -28920012462.413364}",99.0,18.28988358747336
2021-02-22 21:16:22.077118,6.4,3570.86328125,11803.97265625,10944.1328125,"{'rc': 0, 'wc': 583, 'rb': 0, 'wb': 3059712}","{'sent': -210698862.80720043, 'recv': -28920012462.38145}",100.0,18.28988358747336
2021-02-22 21:16:24.172859,6.6,3474.03125,11706.625,10944.1328125,"{'rc': 0, 'wc': 583, 'rb': 0, 'wb': 3059712}","{'sent': -210698862.8035345, 'recv': -28920012462.34852}",100.0,18.28988358747336
2021-02-22 21:16:26.268088,6.3,3577.73046875,11811.68359375,10944.1328125,"{'rc': 0, 'wc': 616, 'rb': 0, 'wb': 3219456}","{'sent': -210698862.8014469, 'recv': -28920012462.31447}",100.0,18.28988358747336
2021-02-22 21:16:28.359597,6.5,3578.5546875,11811.9921875,10944.1328125,"{'rc': 0, 'wc': 616, 'rb': 0, 'wb': 3219456}","{'sent': -210698862.7990198, 'recv': -28920012462.282387}",100.0,18.28988358747336
2021-02-22 21:16:30.458795,6.2,3580.12109375,11812.26171875,10944.1328125,"{'rc': 0, 'wc': 621, 'rb': 0, 'wb': 3239936}","{'sent': -210698862.79715443, 'recv': -28920012462.250706}",100.0,18.28988358747336
2021-02-22 21:16:32.551556,6.4,3579.9765625,11812.58203125,10944.1328125,"{'rc': 0, 'wc': 621, 'rb': 0, 'wb': 3239936}","{'sent': -210698862.79466724, 'recv': -28920012462.22}",99.0,18.28988358747336
2021-02-22 21:16:34.646868,6.3,3372.49609375,11605.2421875,10944.1328125,"{'rc': 0, 'wc': 621, 'rb': 0, 'wb': 3239936}","{'sent': -210698862.79280186, 'recv': -28920012462.18592}",100.0,18.28988358747336
2021-02-22 21:16:36.739837,6.4,3568.1875,11800.9453125,10944.1328125,"{'rc': 0, 'wc': 621, 'rb': 0, 'wb': 3239936}","{'sent': -210698862.79062557, 'recv': -28920012462.15098}",99.0,18.28988358747336
2021-02-22 21:16:38.832731,6.3,3474.2109375,11707.44140625,10944.1328125,"{'rc': 0, 'wc': 621, 'rb': 0, 'wb': 3239936}","{'sent': -210698862.7884493, 'recv': -28920012462.11575}",100.0,18.28988358747336
2021-02-22 21:16:40.926407,6.2,3580.8671875,11814.48046875,10944.1328125,"{'rc': 0, 'wc': 621, 'rb': 0, 'wb': 3239936}","{'sent': -210698862.786273, 'recv': -28920012462.07732}",99.0,18.28988358747336
2021-02-22 21:16:43.019170,6.4,3493.23828125,11726.2265625,10944.1328125,"{'rc': 0, 'wc': 621, 'rb': 0, 'wb': 3239936}","{'sent': -210698862.78425217, 'recv': -28920012462.03962}",100.0,18.28988358747336
2021-02-22 21:16:45.110288,6.3,3601.66015625,11834.05859375,10944.1328125,"{'rc': 0, 'wc': 621, 'rb': 0, 'wb': 3239936}","{'sent': -210698862.78206825, 'recv': -28920012462.002777}",99.0,18.28988358747336
2021-02-22 21:16:47.207757,6.3,3601.97265625,11834.27734375,10944.1328125,"{'rc': 0, 'wc': 621, 'rb': 0, 'wb': 3239936}","{'sent': -210698862.77983856, 'recv': -28920012461.96527}",99.0,18.28988358747336
2021-02-22 21:16:49.305376,6.2,3572.8359375,11806.16796875,10944.1328125,"{'rc': 0, 'wc': 621, 'rb': 0, 'wb': 3239936}","{'sent': -210698862.7778759, 'recv': -28920012461.92581}",99.0,18.28988358747336
2021-02-22 21:16:51.402515,6.1,3499.85546875,11732.77734375,10944.1328125,"{'rc': 0, 'wc': 621, 'rb': 0, 'wb': 3239936}","{'sent': -210698862.7756462, 'recv': -28920012461.885735}",99.0,18.28988358747336
2021-02-22 21:16:53.493808,6.2,3596.7734375,11830.53125,10944.1328125,"{'rc': 0, 'wc': 621, 'rb': 0, 'wb': 3239936}","{'sent': -210698862.77341652, 'recv': -28920012461.84729}",99.0,18.28988358747336
2021-02-22 21:16:55.589194,6.1,3448.91015625,11682.6640625,10944.1328125,"{'rc': 0, 'wc': 621, 'rb': 0, 'wb': 3239936}","{'sent': -210698862.77118683, 'recv': -28920012461.807827}",99.0,18.28988358747336
2021-02-22 21:16:57.683087,6.3,3559.38671875,11793.546875,10944.1328125,"{'rc': 0, 'wc': 621, 'rb': 0, 'wb': 3239936}","{'sent': -210698862.76927567, 'recv': -28920012461.769398}",100.0,18.28988358747336
2021-02-22 21:16:59.776648,6.3,3557.6875,11791.68359375,10944.1328125,"{'rc': 0, 'wc': 621, 'rb': 0, 'wb': 3239936}","{'sent': -210698862.76704597, 'recv': -28920012461.73108}",100.0,18.28988358747336
2021-02-22 21:17:01.872855,6.5,3542.06640625,11775.69921875,10944.1328125,"{'rc': 0, 'wc': 621, 'rb': 0, 'wb': 3239936}","{'sent': -210698862.7651348, 'recv': -28920012461.69494}",100.0,18.28988358747336
2021-02-22 21:17:03.971123,6.3,3542.9453125,11776.60546875,10944.1328125,"{'rc': 0, 'wc': 621, 'rb': 0, 'wb': 3239936}","{'sent': -210698862.7623825, 'recv': -28920012461.659706}",100.0,18.28988358747336
2021-02-22 21:17:06.065285,6.2,3548.0078125,11782.79296875,10944.1328125,"{'rc': 0, 'wc': 621, 'rb': 0, 'wb': 3239936}","{'sent': -210698862.7604084, 'recv': -28920012461.62604}",100.0,18.28988358747336
2021-02-22 21:17:08.159301,6.3,3600.625,11834.578125,10944.1328125,"{'rc': 0, 'wc': 664, 'rb': 0, 'wb': 3469312}","{'sent': -210698862.7578144, 'recv': -28920012461.592304}",99.0,18.28988358747336
2021-02-22 21:17:10.253832,6.4,3604.7578125,11839.44140625,10944.1328125,"{'rc': 0, 'wc': 664, 'rb': 0, 'wb': 3469312}","{'sent': -210698862.75580597, 'recv': -28920012461.558388}",100.0,18.28988358747336
2021-02-22 21:17:12.346460,6.5,3600.4921875,11835.0703125,10944.1328125,"{'rc': 0, 'wc': 671, 'rb': 0, 'wb': 3502080}","{'sent': -210698862.7526703, 'recv': -28920012461.5261}",99.0,18.28988358747336
2021-02-22 21:17:14.439073,6.3,3549.34375,11782.01171875,10944.1328125,"{'rc': 0, 'wc': 671, 'rb': 0, 'wb': 3502080}","{'sent': -210698862.75006104, 'recv': -28920012461.493088}",100.0,18.28988358747336
2021-02-22 21:17:16.531962,6.2,3546.95703125,11779.796875,10944.1328125,"{'rc': 0, 'wc': 671, 'rb': 0, 'wb': 3502080}","{'sent': -210698862.7475605, 'recv': -28920012461.460896}",99.0,18.28988358747336
2021-02-22 21:17:18.626243,6.1,3503.76953125,11736.16015625,10944.13671875,"{'rc': 0, 'wc': 671, 'rb': 0, 'wb': 3502080}","{'sent': -210698862.74398422, 'recv': -28920012461.426178}",100.0,18.28988358747336
2021-02-22 21:17:20.717353,6.3,3561.20703125,11794.6171875,10944.13671875,"{'rc': 0, 'wc': 671, 'rb': 0, 'wb': 3502080}","{'sent': -210698862.74018097, 'recv': -28920012461.388153}",99.0,18.28988358747336
2021-02-22 21:17:22.812591,6.3,3603.3359375,11836.625,10944.13671875,"{'rc': 0, 'wc': 707, 'rb': 0, 'wb': 3694592}","{'sent': -210698862.73678207, 'recv': -28920012461.351757}",99.0,18.28988358747336
2021-02-22 21:17:24.908178,6.4,3605.39453125,11839.1875,10944.13671875,"{'rc': 0, 'wc': 707, 'rb': 0, 'wb': 3694592}","{'sent': -210698862.73449898, 'recv': -28920012461.319107}",99.0,18.28988358747336
2021-02-22 21:17:27.005866,6.1,3507.6796875,11742.3515625,10944.13671875,"{'rc': 0, 'wc': 715, 'rb': 0, 'wb': 3731456}","{'sent': -210698862.73254204, 'recv': -28920012461.28605}",100.0,18.28988358747336
2021-02-22 21:17:29.100934,6.6,3532.25,11765.8984375,10944.13671875,"{'rc': 0, 'wc': 715, 'rb': 0, 'wb': 3731456}","{'sent': -210698862.72873974, 'recv': -28920012461.253574}",99.0,18.28988358747336
2021-02-22 21:17:31.201796,6.3,3601.44140625,11835.63671875,10944.13671875,"{'rc': 0, 'wc': 715, 'rb': 0, 'wb': 3731456}","{'sent': -210698862.7267828, 'recv': -28920012461.219147}",100.0,18.28988358747336
2021-02-22 21:17:33.302192,6.2,3476.56640625,11711.390625,10944.13671875,"{'rc': 0, 'wc': 715, 'rb': 0, 'wb': 3731456}","{'sent': -210698862.7244768, 'recv': -28920012461.18489}",99.0,18.28988358747336
2021-02-22 21:17:35.401975,6.2,3409.70703125,11644.47265625,10944.13671875,"{'rc': 0, 'wc': 747, 'rb': 0, 'wb': 3887104}","{'sent': -210698862.7224741, 'recv': -28920012461.156013}",100.0,18.28988358747336
2021-02-22 21:17:37.495548,6.4,3544.66796875,11778.48046875,10944.13671875,"{'rc': 0, 'wc': 747, 'rb': 0, 'wb': 3887104}","{'sent': -210698862.72047138, 'recv': -28920012461.124916}",100.0,18.28988358747336
2021-02-22 21:17:39.589871,6.2,3601.76171875,11836.73828125,10944.13671875,"{'rc': 0, 'wc': 752, 'rb': 0, 'wb': 3907584}","{'sent': -210698862.71813488, 'recv': -28920012461.08956}",100.0,18.28988358747336
2021-02-22 21:17:41.683471,6.2,3545.765625,11781.109375,10944.13671875,"{'rc': 0, 'wc': 752, 'rb': 0, 'wb': 3907584}","{'sent': -210698862.71613216, 'recv': -28920012461.05394}",100.0,18.28988358747336
2021-02-22 21:17:43.780059,6.8,3534.8984375,11770.19140625,10944.13671875,"{'rc': 0, 'wc': 752, 'rb': 0, 'wb': 3907584}","{'sent': -210698862.71227646, 'recv': -28920012461.01859}",100.0,18.28988358747336
2021-02-22 21:17:45.877968,6.1,3542.08203125,11777.171875,10944.13671875,"{'rc': 0, 'wc': 752, 'rb': 0, 'wb': 3907584}","{'sent': -210698862.70875168, 'recv': -28920012460.983704}",100.0,18.28988358747336
2021-02-22 21:17:47.971502,6.4,3605.04296875,11840.453125,10944.13671875,"{'rc': 0, 'wc': 752, 'rb': 0, 'wb': 3907584}","{'sent': -210698862.70641518, 'recv': -28920012460.94928}",100.0,18.28988358747336
2021-02-22 21:17:50.074303,6.1,3605.390625,11840.23828125,10944.13671875,"{'rc': 0, 'wc': 790, 'rb': 0, 'wb': 4087808}","{'sent': -210698862.70407867, 'recv': -28920012460.914}",99.0,18.28988358747336
2021-02-22 21:17:52.171562,6.3,3546.03515625,11780.765625,10944.13671875,"{'rc': 0, 'wc': 790, 'rb': 0, 'wb': 4087808}","{'sent': -210698862.7008152, 'recv': -28920012460.878017}",99.0,18.28988358747336
2021-02-22 21:17:54.272979,6.4,3482.234375,11716.3515625,10944.13671875,"{'rc': 0, 'wc': 795, 'rb': 0, 'wb': 4108288}","{'sent': -210698862.69881248, 'recv': -28920012460.844337}",97.0,18.28988358747336
2021-02-22 21:17:56.379584,6.3,3528.84375,11762.46484375,10944.13671875,"{'rc': 0, 'wc': 795, 'rb': 0, 'wb': 4108288}","{'sent': -210698862.6964302, 'recv': -28920012460.8094}",99.0,18.28988358747336
2021-02-22 21:17:58.478823,6.2,3570.04296875,11804.12109375,10944.13671875,"{'rc': 0, 'wc': 795, 'rb': 0, 'wb': 4108288}","{'sent': -210698862.69433022, 'recv': -28920012460.77365}",99.0,18.28988358747336
2021-02-22 21:18:00.573069,6.3,3554.08203125,11788.4765625,10944.13671875,"{'rc': 0, 'wc': 795, 'rb': 0, 'wb': 4108288}","{'sent': -210698862.6918888, 'recv': -28920012460.739567}",99.0,18.28988358747336
2021-02-22 21:18:02.665271,6.2,3479.83203125,11715.078125,10944.13671875,"{'rc': 0, 'wc': 795, 'rb': 0, 'wb': 4108288}","{'sent': -210698862.6894474, 'recv': -28920012460.70468}",88.0,18.28988358747336
2021-02-22 21:18:04.766140,6.5,3544.34375,11778.578125,10944.13671875,"{'rc': 0, 'wc': 795, 'rb': 0, 'wb': 4108288}","{'sent': -210698862.6870575, 'recv': -28920012460.67254}",99.0,18.28988358747336
2021-02-22 21:18:06.863097,6.2,3488.75390625,11721.859375,10944.13671875,"{'rc': 0, 'wc': 795, 'rb': 0, 'wb': 4108288}","{'sent': -210698862.685009, 'recv': -28920012460.639317}",100.0,18.28988358747336
2021-02-22 21:18:08.964167,6.3,3614.59765625,11846.84765625,10944.13671875,"{'rc': 0, 'wc': 795, 'rb': 0, 'wb': 4108288}","{'sent': -210698862.6826191, 'recv': -28920012460.60392}",100.0,18.28988358747336
2021-02-22 21:18:11.059740,6.3,3545.80078125,11778.07421875,10944.13671875,"{'rc': 0, 'wc': 795, 'rb': 0, 'wb': 4108288}","{'sent': -210698862.68050766, 'recv': -28920012460.565445}",100.0,18.28988358747336
2021-02-22 21:18:13.157607,6.3,3617.12890625,11850.00390625,10944.13671875,"{'rc': 0, 'wc': 795, 'rb': 0, 'wb': 4108288}","{'sent': -210698862.67811775, 'recv': -28920012460.529476}",99.0,18.28988358747336
2021-02-22 21:18:15.255408,6.2,3610.8671875,11843.3984375,10944.13671875,"{'rc': 0, 'wc': 795, 'rb': 0, 'wb': 4108288}","{'sent': -210698862.67606926, 'recv': -28920012460.494072}",100.0,18.28988358747336
2021-02-22 21:18:17.347956,6.2,3610.44140625,11843.6171875,10944.13671875,"{'rc': 0, 'wc': 795, 'rb': 0, 'wb': 4108288}","{'sent': -210698862.67365646, 'recv': -28920012460.45919}",99.0,18.28988358747336
2021-02-22 21:18:19.442568,6.2,3610.578125,11843.8515625,10944.13671875,"{'rc': 0, 'wc': 795, 'rb': 0, 'wb': 4108288}","{'sent': -210698862.6715622, 'recv': -28920012460.422646}",100.0,18.28988358747336
2021-02-22 21:18:21.541645,6.3,3611.12109375,11844.1328125,10944.13671875,"{'rc': 0, 'wc': 795, 'rb': 0, 'wb': 4108288}","{'sent': -210698862.66911888, 'recv': -28920012460.38536}",99.0,18.28988358747336
2021-02-22 21:18:23.637706,6.3,3610.58984375,11844.3359375,10944.13671875,"{'rc': 0, 'wc': 795, 'rb': 0, 'wb': 4108288}","{'sent': -210698862.6669731, 'recv': -28920012460.34916}",100.0,18.28988358747336
2021-02-22 21:18:25.730417,6.2,3569.1953125,11803.23046875,10944.13671875,"{'rc': 0, 'wc': 795, 'rb': 0, 'wb': 4108288}","{'sent': -210698862.6645298, 'recv': -28920012460.314964}",99.0,18.28988358747336
2021-02-22 21:18:27.824880,6.3,3487.0390625,11720.5625,10944.13671875,"{'rc': 0, 'wc': 795, 'rb': 0, 'wb': 4108288}","{'sent': -210698862.662035, 'recv': -28920012460.279846}",99.0,18.28988358747336
2021-02-22 21:18:29.919338,6.4,3616.265625,11849.4140625,10944.13671875,"{'rc': 0, 'wc': 795, 'rb': 0, 'wb': 4108288}","{'sent': -210698862.65737247, 'recv': -28920012460.243675}",99.0,18.28988358747336
2021-02-22 21:18:32.012758,6.2,3575.296875,11808.09765625,10944.13671875,"{'rc': 0, 'wc': 795, 'rb': 0, 'wb': 4108288}","{'sent': -210698862.6552782, 'recv': -28920012460.203808}",100.0,18.28988358747336
2021-02-22 21:18:34.113462,6.4,3617.9375,11850.7109375,10944.13671875,"{'rc': 0, 'wc': 828, 'rb': 0, 'wb': 4272128}","{'sent': -210698862.65277195, 'recv': -28920012460.162285}",99.0,18.28988358747336
2021-02-22 21:18:36.207755,6.3,3446.55078125,11679.72265625,10944.13671875,"{'rc': 0, 'wc': 828, 'rb': 0, 'wb': 4272128}","{'sent': -210698862.65067768, 'recv': -28920012460.125282}",100.0,18.28988358747336
2021-02-22 21:18:38.302002,6.2,3603.92578125,11836.0,10944.13671875,"{'rc': 0, 'wc': 828, 'rb': 0, 'wb': 4272128}","{'sent': -210698862.64813137, 'recv': -28920012460.087822}",99.0,18.28988358747336
2021-02-22 21:18:40.401846,6.3,3617.1953125,11848.7578125,10944.13671875,"{'rc': 0, 'wc': 833, 'rb': 0, 'wb': 4292608}","{'sent': -210698862.64592075, 'recv': -28920012460.04686}",100.0,18.28988358747336
2021-02-22 21:18:42.497365,6.2,3527.984375,11760.125,10944.13671875,"{'rc': 0, 'wc': 833, 'rb': 0, 'wb': 4292608}","{'sent': -210698862.64233112, 'recv': -28920012460.007065}",100.0,18.28988358747336
2021-02-22 21:18:44.590982,6.2,3615.21484375,11846.85546875,10944.13671875,"{'rc': 0, 'wc': 833, 'rb': 0, 'wb': 4292608}","{'sent': -210698862.6398344, 'recv': -28920012459.968407}",100.0,18.28988358747336
2021-02-22 21:18:46.684809,2.5,3615.9375,11847.00390625,10944.13671875,"{'rc': 0, 'wc': 867, 'rb': 0, 'wb': 4456448}","{'sent': -210698862.63769436, 'recv': -28920012459.929626}",100.0,18.28988358747336
2021-02-22 21:18:48.785601,1.7,2664.81640625,10909.94921875,10944.12109375,"{'rc': 0, 'wc': 867, 'rb': 0, 'wb': 4456448}","{'sent': -210698862.6355543, 'recv': -28920012459.888657}",72.0,11.02639777012625
2021-02-22 21:18:50.916076,2.5,2662.59765625,10907.48828125,10944.12109375,"{'rc': 0, 'wc': 867, 'rb': 0, 'wb': 4456448}","{'sent': -210698862.6344843, 'recv': -28920012459.84601}",0.0,11.02639777012625
